<?xml version="1.0" encoding="UTF-8"?>
<root>
  <item name="org.maplibre.navigation.android.navigation.ui.v5.map.MapFpsDelegate void updateCameraTracking(int) 0">
    <annotation name="androidx.annotation.IntDef">
      <val name="value" val="{org.maplibre.navigation.android.navigation.ui.v5.camera.NavigationCamera.NAVIGATION_TRACKING_MODE_GPS, org.maplibre.navigation.android.navigation.ui.v5.camera.NavigationCamera.NAVIGATION_TRACKING_MODE_NORTH, org.maplibre.navigation.android.navigation.ui.v5.camera.NavigationCamera.NAVIGATION_TRACKING_MODE_NONE}" />
    </annotation>
  </item>
  <item name="org.maplibre.navigation.android.navigation.ui.v5.map.NavigationMapLibreMap void resetCameraPositionWith(int) 0">
    <annotation name="androidx.annotation.IntDef">
      <val name="value" val="{org.maplibre.navigation.android.navigation.ui.v5.camera.NavigationCamera.NAVIGATION_TRACKING_MODE_GPS, org.maplibre.navigation.android.navigation.ui.v5.camera.NavigationCamera.NAVIGATION_TRACKING_MODE_NORTH, org.maplibre.navigation.android.navigation.ui.v5.camera.NavigationCamera.NAVIGATION_TRACKING_MODE_NONE}" />
    </annotation>
  </item>
  <item name="org.maplibre.navigation.android.navigation.ui.v5.map.NavigationMapLibreMap void updateCameraTrackingMode(int) 0">
    <annotation name="androidx.annotation.IntDef">
      <val name="value" val="{org.maplibre.navigation.android.navigation.ui.v5.camera.NavigationCamera.NAVIGATION_TRACKING_MODE_GPS, org.maplibre.navigation.android.navigation.ui.v5.camera.NavigationCamera.NAVIGATION_TRACKING_MODE_NORTH, org.maplibre.navigation.android.navigation.ui.v5.camera.NavigationCamera.NAVIGATION_TRACKING_MODE_NONE}" />
    </annotation>
  </item>
  <item name="org.maplibre.navigation.android.navigation.ui.v5.map.NavigationMapSettings int retrieveCameraTrackingMode()">
    <annotation name="androidx.annotation.IntDef">
      <val name="value" val="{org.maplibre.navigation.android.navigation.ui.v5.camera.NavigationCamera.NAVIGATION_TRACKING_MODE_GPS, org.maplibre.navigation.android.navigation.ui.v5.camera.NavigationCamera.NAVIGATION_TRACKING_MODE_NORTH, org.maplibre.navigation.android.navigation.ui.v5.camera.NavigationCamera.NAVIGATION_TRACKING_MODE_NONE}" />
    </annotation>
  </item>
  <item name="org.maplibre.navigation.android.navigation.ui.v5.map.NavigationMapSettings void updateCameraTrackingMode(int) 0">
    <annotation name="androidx.annotation.IntDef">
      <val name="value" val="{org.maplibre.navigation.android.navigation.ui.v5.camera.NavigationCamera.NAVIGATION_TRACKING_MODE_GPS, org.maplibre.navigation.android.navigation.ui.v5.camera.NavigationCamera.NAVIGATION_TRACKING_MODE_NORTH, org.maplibre.navigation.android.navigation.ui.v5.camera.NavigationCamera.NAVIGATION_TRACKING_MODE_NONE}" />
    </annotation>
  </item>
</root>

